include/master-slave.inc
[connection master]
DROP TABLE IF EXISTS x;
CREATE TABLE x (a INT) engine=InnoDB;
INSERT INTO x VALUES (1);
include/rpl_restart_server.inc [server_number=2 parameters: --log-slave-updates=FALSE]
include/start_slave.inc
INSERT INTO x VALUES (2);
SELECT a FROM x ORDER BY a;
a
1
2
include/rpl_start_server.inc [server_number=2 parameters: --log-slave-updates=FALSE]
include/start_slave.inc
SELECT a FROM x ORDER BY a;
a
1
2
DROP TABLE x;
include/rpl_end.inc
